subset,n_models,strategy,c_index,mae_events,median_error,max_error
Cox+Weib,2,Simple Mean,0.769,168.4,84.1,791.0
Cox+Weib,2,Trimmed Mean,0.769,168.4,84.1,791.0
Cox+Weib,2,Median,0.769,168.4,84.1,791.0
Cox+Weib,2,Geometric Mean,0.769,160.5,84.2,791.0
Cox+Weib,2,Inv-MAE Weighted,0.778,161.2,83.2,791.0
Cox+Weib,2,Rank Fusion,0.802,93.5,91.2,198.3
Cox+XGBc,2,Simple Mean,0.736,105.8,89.9,287.3
Cox+XGBc,2,Trimmed Mean,0.736,105.8,89.9,287.3
Cox+XGBc,2,Median,0.736,105.8,89.9,287.3
Cox+XGBc,2,Geometric Mean,0.726,105.1,92.4,235.3
Cox+XGBc,2,Inv-MAE Weighted,0.736,105.8,86.3,313.6
Cox+XGBc,2,Rank Fusion,0.774,104.8,91.8,241.3
Cox+XGBa,2,Simple Mean,0.792,81.9,64.3,265.0
Cox+XGBa,2,Trimmed Mean,0.792,81.9,64.3,265.0
Cox+XGBa,2,Median,0.792,81.9,64.3,265.0
Cox+XGBa,2,Geometric Mean,0.764,60.8,49.7,180.6
Cox+XGBa,2,Inv-MAE Weighted,0.774,79.9,66.2,223.5
Cox+XGBa,2,Rank Fusion,0.84,75.8,74.3,209.1
Cox+GBSA,2,Simple Mean,0.816,154.3,101.2,791.0
Cox+GBSA,2,Trimmed Mean,0.816,154.3,101.2,791.0
Cox+GBSA,2,Median,0.816,154.3,101.2,791.0
Cox+GBSA,2,Geometric Mean,0.825,149.5,85.8,791.0
Cox+GBSA,2,Inv-MAE Weighted,0.816,151.9,95.7,791.0
Cox+GBSA,2,Rank Fusion,0.896,70.0,51.3,163.8
Cox+CWGB,2,Simple Mean,0.745,143.1,74.7,756.5
Cox+CWGB,2,Trimmed Mean,0.745,143.1,74.7,756.5
Cox+CWGB,2,Median,0.745,143.1,74.7,756.5
Cox+CWGB,2,Geometric Mean,0.745,141.1,71.5,756.0
Cox+CWGB,2,Inv-MAE Weighted,0.745,142.7,73.5,758.6
Cox+CWGB,2,Rank Fusion,0.792,91.2,88.4,206.8
Cox+Stk,2,Simple Mean,0.783,110.0,63.2,600.5
Cox+Stk,2,Trimmed Mean,0.783,110.0,63.2,600.5
Cox+Stk,2,Median,0.783,110.0,63.2,600.5
Cox+Stk,2,Geometric Mean,0.783,108.3,61.2,582.4
Cox+Stk,2,Inv-MAE Weighted,0.783,108.1,61.6,574.1
Cox+Stk,2,Rank Fusion,0.802,96.4,91.2,198.3
Weib+XGBc,2,Simple Mean,0.745,132.0,109.9,312.7
Weib+XGBc,2,Trimmed Mean,0.745,132.0,109.9,312.7
Weib+XGBc,2,Median,0.745,132.0,109.9,312.7
Weib+XGBc,2,Geometric Mean,0.736,96.5,62.3,242.9
Weib+XGBc,2,Inv-MAE Weighted,0.736,122.3,116.8,231.4
Weib+XGBc,2,Rank Fusion,0.764,103.8,86.9,241.3
Weib+XGBa,2,Simple Mean,0.802,111.4,80.4,333.4
Weib+XGBa,2,Trimmed Mean,0.802,111.4,80.4,333.4
Weib+XGBa,2,Median,0.802,111.4,80.4,333.4
Weib+XGBa,2,Geometric Mean,0.811,66.1,42.3,191.1
Weib+XGBa,2,Inv-MAE Weighted,0.811,87.6,93.3,197.6
Weib+XGBa,2,Rank Fusion,0.792,88.9,87.2,243.5
Weib+GBSA,2,Simple Mean,0.816,186.2,84.9,791.0
Weib+GBSA,2,Trimmed Mean,0.816,186.2,84.9,791.0
Weib+GBSA,2,Median,0.816,186.2,84.9,791.0
Weib+GBSA,2,Geometric Mean,0.816,178.8,85.1,791.0
Weib+GBSA,2,Inv-MAE Weighted,0.816,185.0,84.2,791.0
Weib+GBSA,2,Rank Fusion,0.84,82.0,68.8,174.6
Weib+CWGB,2,Simple Mean,0.764,176.4,109.7,756.5
Weib+CWGB,2,Trimmed Mean,0.764,176.4,109.7,756.5
Weib+CWGB,2,Median,0.764,176.4,109.7,756.5
Weib+CWGB,2,Geometric Mean,0.774,165.4,114.2,756.0
Weib+CWGB,2,Inv-MAE Weighted,0.774,172.6,104.7,751.8
Weib+CWGB,2,Rank Fusion,0.764,89.5,88.3,275.7
Weib+Stk,2,Simple Mean,0.783,149.8,85.4,600.5
Weib+Stk,2,Trimmed Mean,0.783,149.8,85.4,600.5
Weib+Stk,2,Median,0.783,149.8,85.4,600.5
Weib+Stk,2,Geometric Mean,0.783,135.7,85.9,582.4
Weib+Stk,2,Inv-MAE Weighted,0.792,132.1,90.1,538.3
Weib+Stk,2,Rank Fusion,0.792,90.6,91.0,198.3
XGBc+XGBa,2,Simple Mean,0.783,133.1,140.4,278.6
XGBc+XGBa,2,Trimmed Mean,0.783,133.1,140.4,278.6
XGBc+XGBa,2,Median,0.783,133.1,140.4,278.6
XGBc+XGBa,2,Geometric Mean,0.774,139.8,144.8,283.6
XGBc+XGBa,2,Inv-MAE Weighted,0.764,130.6,138.7,274.5
XGBc+XGBa,2,Rank Fusion,0.755,104.0,91.4,243.5
XGBc+GBSA,2,Simple Mean,0.811,107.1,64.0,287.3
XGBc+GBSA,2,Trimmed Mean,0.811,107.1,64.0,287.3
XGBc+GBSA,2,Median,0.811,107.1,64.0,287.3
XGBc+GBSA,2,Geometric Mean,0.764,101.4,79.4,237.7
XGBc+GBSA,2,Inv-MAE Weighted,0.802,102.8,68.6,246.9
XGBc+GBSA,2,Rank Fusion,0.783,108.9,117.3,209.1
XGBc+CWGB,2,Simple Mean,0.755,109.2,98.9,252.8
XGBc+CWGB,2,Trimmed Mean,0.755,109.2,98.9,252.8
XGBc+CWGB,2,Median,0.755,109.2,98.9,252.8
XGBc+CWGB,2,Geometric Mean,0.736,101.4,90.4,210.2
XGBc+CWGB,2,Inv-MAE Weighted,0.755,108.9,98.4,248.3
XGBc+CWGB,2,Rank Fusion,0.755,92.2,93.6,275.7
XGBc+Stk,2,Simple Mean,0.764,105.5,95.8,244.0
XGBc+Stk,2,Trimmed Mean,0.764,105.5,95.8,244.0
XGBc+Stk,2,Median,0.764,105.5,95.8,244.0
XGBc+Stk,2,Geometric Mean,0.726,110.0,87.9,261.2
XGBc+Stk,2,Inv-MAE Weighted,0.774,104.7,106.4,231.6
XGBc+Stk,2,Rank Fusion,0.783,96.9,86.9,232.7
XGBa+GBSA,2,Simple Mean,0.849,88.1,51.4,265.0
XGBa+GBSA,2,Trimmed Mean,0.849,88.1,51.4,265.0
XGBa+GBSA,2,Median,0.849,88.1,51.4,265.0
XGBa+GBSA,2,Geometric Mean,0.811,58.9,35.7,183.6
XGBa+GBSA,2,Inv-MAE Weighted,0.84,71.4,44.7,184.7
XGBa+GBSA,2,Rank Fusion,0.792,98.6,70.0,262.7
XGBa+CWGB,2,Simple Mean,0.821,83.8,82.4,230.5
XGBa+CWGB,2,Trimmed Mean,0.821,83.8,82.4,230.5
XGBa+CWGB,2,Median,0.821,83.8,82.4,230.5
XGBa+CWGB,2,Geometric Mean,0.802,53.9,41.3,146.0
XGBa+CWGB,2,Inv-MAE Weighted,0.821,76.8,76.3,161.7
XGBa+CWGB,2,Rank Fusion,0.774,92.8,70.7,243.5
XGBa+Stk,2,Simple Mean,0.811,80.8,82.4,212.8
XGBa+Stk,2,Trimmed Mean,0.811,80.8,82.4,212.8
XGBa+Stk,2,Median,0.811,80.8,82.4,212.8
XGBa+Stk,2,Geometric Mean,0.774,79.7,77.1,216.4
XGBa+Stk,2,Inv-MAE Weighted,0.811,82.3,89.0,210.7
XGBa+Stk,2,Rank Fusion,0.802,83.6,92.6,209.1
GBSA+CWGB,2,Simple Mean,0.783,164.2,105.4,756.5
GBSA+CWGB,2,Trimmed Mean,0.783,164.2,105.4,756.5
GBSA+CWGB,2,Median,0.783,164.2,105.4,756.5
GBSA+CWGB,2,Geometric Mean,0.792,158.6,88.1,756.0
GBSA+CWGB,2,Inv-MAE Weighted,0.783,163.2,105.2,754.0
GBSA+CWGB,2,Rank Fusion,0.811,73.8,63.8,174.6
GBSA+Stk,2,Simple Mean,0.821,127.0,94.3,600.5
GBSA+Stk,2,Trimmed Mean,0.821,127.0,94.3,600.5
GBSA+Stk,2,Median,0.821,127.0,94.3,600.5
GBSA+Stk,2,Geometric Mean,0.83,118.4,79.9,582.4
GBSA+Stk,2,Inv-MAE Weighted,0.821,116.3,85.2,549.9
GBSA+Stk,2,Rank Fusion,0.877,78.6,69.2,163.8
CWGB+Stk,2,Simple Mean,0.774,117.2,71.0,566.0
CWGB+Stk,2,Trimmed Mean,0.774,117.2,71.0,566.0
CWGB+Stk,2,Median,0.774,117.2,71.0,566.0
CWGB+Stk,2,Geometric Mean,0.783,110.9,75.1,553.4
CWGB+Stk,2,Inv-MAE Weighted,0.783,111.1,80.7,535.0
CWGB+Stk,2,Rank Fusion,0.802,87.8,70.5,241.3
Cox+Weib+XGBc,3,Simple Mean,0.745,129.0,98.1,455.2
Cox+Weib+XGBc,3,Trimmed Mean,0.755,140.3,79.4,791.0
Cox+Weib+XGBc,3,Median,0.755,140.3,79.4,791.0
Cox+Weib+XGBc,3,Geometric Mean,0.736,101.7,86.9,243.2
Cox+Weib+XGBc,3,Inv-MAE Weighted,0.755,122.1,97.9,438.3
Cox+Weib+XGBc,3,Rank Fusion,0.745,110.5,108.3,206.8
Cox+Weib+XGBa,3,Simple Mean,0.792,115.6,77.3,440.3
Cox+Weib+XGBa,3,Trimmed Mean,0.75,137.8,79.4,791.0
Cox+Weib+XGBa,3,Median,0.75,137.8,79.4,791.0
Cox+Weib+XGBa,3,Geometric Mean,0.783,75.4,61.2,188.4
Cox+Weib+XGBa,3,Inv-MAE Weighted,0.811,99.6,73.3,357.6
Cox+Weib+XGBa,3,Rank Fusion,0.792,85.3,60.9,209.1
Cox+Weib+GBSA,3,Simple Mean,0.788,168.1,100.8,791.0
Cox+Weib+GBSA,3,Trimmed Mean,0.778,154.3,77.5,791.0
Cox+Weib+GBSA,3,Median,0.778,154.3,77.5,791.0
Cox+Weib+GBSA,3,Geometric Mean,0.788,159.4,90.6,791.0
Cox+Weib+GBSA,3,Inv-MAE Weighted,0.788,163.2,105.2,791.0
Cox+Weib+GBSA,3,Rank Fusion,0.792,89.4,91.0,174.6
Cox+Weib+CWGB,3,Simple Mean,0.764,161.6,94.7,768.0
Cox+Weib+CWGB,3,Trimmed Mean,0.778,130.9,66.1,791.0
Cox+Weib+CWGB,3,Median,0.778,130.9,66.1,791.0
Cox+Weib+CWGB,3,Geometric Mean,0.774,152.8,96.8,767.5
Cox+Weib+CWGB,3,Inv-MAE Weighted,0.774,156.7,90.7,767.1
Cox+Weib+CWGB,3,Rank Fusion,0.774,98.1,108.3,206.8
Cox+Weib+Stk,3,Simple Mean,0.792,141.3,89.6,664.0
Cox+Weib+Stk,3,Trimmed Mean,0.792,133.5,75.0,791.0
Cox+Weib+Stk,3,Median,0.792,133.5,75.0,791.0
Cox+Weib+Stk,3,Geometric Mean,0.792,131.3,94.6,647.5
Cox+Weib+Stk,3,Inv-MAE Weighted,0.792,129.5,87.4,622.7
Cox+Weib+Stk,3,Rank Fusion,0.792,90.6,91.0,198.3
Cox+XGBc+XGBa,3,Simple Mean,0.783,89.8,89.9,212.4
Cox+XGBc+XGBa,3,Trimmed Mean,0.778,116.3,114.9,247.3
Cox+XGBc+XGBa,3,Median,0.778,116.3,114.9,247.3
Cox+XGBc+XGBa,3,Geometric Mean,0.774,102.0,79.0,239.4
Cox+XGBc+XGBa,3,Inv-MAE Weighted,0.792,87.5,83.3,211.2
Cox+XGBc+XGBa,3,Rank Fusion,0.821,77.7,76.0,209.1
Cox+XGBc+GBSA,3,Simple Mean,0.792,113.9,88.2,455.2
Cox+XGBc+GBSA,3,Trimmed Mean,0.807,128.2,65.5,791.0
Cox+XGBc+GBSA,3,Median,0.807,128.2,65.5,791.0
Cox+XGBc+GBSA,3,Geometric Mean,0.755,102.5,71.1,243.2
Cox+XGBc+GBSA,3,Inv-MAE Weighted,0.774,111.9,93.3,450.9
Cox+XGBc+GBSA,3,Rank Fusion,0.802,85.4,71.7,198.3
Cox+XGBc+CWGB,3,Simple Mean,0.755,112.3,85.9,432.2
Cox+XGBc+CWGB,3,Trimmed Mean,0.769,126.3,73.3,721.9
Cox+XGBc+CWGB,3,Median,0.769,126.3,73.3,721.9
Cox+XGBc+CWGB,3,Geometric Mean,0.736,106.0,94.5,230.4
Cox+XGBc+CWGB,3,Inv-MAE Weighted,0.755,112.4,83.6,443.2
Cox+XGBc+CWGB,3,Rank Fusion,0.755,99.0,93.6,275.7
Cox+XGBc+Stk,3,Simple Mean,0.783,105.2,88.4,328.2
Cox+XGBc+Stk,3,Trimmed Mean,0.774,104.1,71.7,410.0
Cox+XGBc+Stk,3,Median,0.774,104.1,71.7,410.0
Cox+XGBc+Stk,3,Geometric Mean,0.745,105.7,107.0,218.3
Cox+XGBc+Stk,3,Inv-MAE Weighted,0.792,105.1,85.0,353.2
Cox+XGBc+Stk,3,Rank Fusion,0.783,96.2,103.0,198.3
Cox+XGBa+GBSA,3,Simple Mean,0.802,99.1,70.3,440.3
Cox+XGBa+GBSA,3,Trimmed Mean,0.858,120.4,53.0,791.0
Cox+XGBa+GBSA,3,Median,0.858,120.4,53.0,791.0
Cox+XGBa+GBSA,3,Geometric Mean,0.821,64.7,38.1,188.4
Cox+XGBa+GBSA,3,Inv-MAE Weighted,0.802,87.8,72.1,371.7
Cox+XGBa+GBSA,3,Rank Fusion,0.811,79.6,65.3,209.1
Cox+XGBa+CWGB,3,Simple Mean,0.792,95.2,75.5,417.3
Cox+XGBa+CWGB,3,Trimmed Mean,0.778,121.0,60.8,721.9
Cox+XGBa+CWGB,3,Median,0.778,121.0,60.8,721.9
Cox+XGBa+CWGB,3,Geometric Mean,0.774,66.8,49.5,176.7
Cox+XGBa+CWGB,3,Inv-MAE Weighted,0.792,90.2,65.1,367.7
Cox+XGBa+CWGB,3,Rank Fusion,0.811,78.4,60.5,209.1
Cox+XGBa+Stk,3,Simple Mean,0.821,89.2,57.4,313.3
Cox+XGBa+Stk,3,Trimmed Mean,0.797,103.0,65.6,410.0
Cox+XGBa+Stk,3,Median,0.797,103.0,65.6,410.0
Cox+XGBa+Stk,3,Geometric Mean,0.764,72.2,65.0,179.8
Cox+XGBa+Stk,3,Inv-MAE Weighted,0.821,89.0,61.1,294.1
Cox+XGBa+Stk,3,Rank Fusion,0.821,79.0,60.9,209.1
Cox+GBSA+CWGB,3,Simple Mean,0.783,152.9,90.1,768.0
Cox+GBSA+CWGB,3,Trimmed Mean,0.783,149.3,79.5,791.0
Cox+GBSA+CWGB,3,Median,0.783,149.3,79.5,791.0
Cox+GBSA+CWGB,3,Geometric Mean,0.783,147.4,91.8,767.5
Cox+GBSA+CWGB,3,Inv-MAE Weighted,0.774,151.3,87.9,768.0
Cox+GBSA+CWGB,3,Rank Fusion,0.802,78.0,78.4,174.6
Cox+GBSA+Stk,3,Simple Mean,0.821,128.6,115.8,664.0
Cox+GBSA+Stk,3,Trimmed Mean,0.797,127.4,75.0,791.0
Cox+GBSA+Stk,3,Median,0.797,127.4,75.0,791.0
Cox+GBSA+Stk,3,Geometric Mean,0.811,121.6,94.9,647.5
Cox+GBSA+Stk,3,Inv-MAE Weighted,0.811,121.3,95.0,627.9
Cox+GBSA+Stk,3,Rank Fusion,0.821,80.8,91.0,163.8
Cox+CWGB+Stk,3,Simple Mean,0.774,122.1,67.3,641.0
Cox+CWGB+Stk,3,Trimmed Mean,0.769,126.4,73.3,721.9
Cox+CWGB+Stk,3,Median,0.769,126.4,73.3,721.9
Cox+CWGB+Stk,3,Geometric Mean,0.792,117.3,65.7,626.9
Cox+CWGB+Stk,3,Inv-MAE Weighted,0.792,117.6,69.9,614.8
Cox+CWGB+Stk,3,Rank Fusion,0.811,83.7,78.7,140.1
Weib+XGBc+XGBa,3,Simple Mean,0.802,95.9,88.5,222.7
Weib+XGBc+XGBa,3,Trimmed Mean,0.792,116.0,114.9,247.3
Weib+XGBc+XGBa,3,Median,0.792,116.0,114.9,247.3
Weib+XGBc+XGBa,3,Geometric Mean,0.792,100.6,81.9,244.4
Weib+XGBc+XGBa,3,Inv-MAE Weighted,0.83,81.7,44.8,234.5
Weib+XGBc+XGBa,3,Rank Fusion,0.783,94.9,97.8,209.1
Weib+XGBc+GBSA,3,Simple Mean,0.774,138.2,102.5,455.2
Weib+XGBc+GBSA,3,Trimmed Mean,0.807,149.6,75.4,791.0
Weib+XGBc+GBSA,3,Median,0.807,149.6,75.4,791.0
Weib+XGBc+GBSA,3,Geometric Mean,0.764,104.8,67.7,243.2
Weib+XGBc+GBSA,3,Inv-MAE Weighted,0.774,130.2,102.4,403.1
Weib+XGBc+GBSA,3,Rank Fusion,0.774,96.9,88.9,209.1
Weib+XGBc+CWGB,3,Simple Mean,0.755,131.7,104.5,432.2
Weib+XGBc+CWGB,3,Trimmed Mean,0.745,132.9,77.7,721.9
Weib+XGBc+CWGB,3,Median,0.745,132.9,77.7,721.9
Weib+XGBc+CWGB,3,Geometric Mean,0.745,99.9,84.4,230.4
Weib+XGBc+CWGB,3,Inv-MAE Weighted,0.755,124.7,107.9,396.7
Weib+XGBc+CWGB,3,Rank Fusion,0.736,107.7,93.6,275.7
Weib+XGBc+Stk,3,Simple Mean,0.764,120.5,97.2,328.2
Weib+XGBc+Stk,3,Trimmed Mean,0.755,110.9,80.6,410.0
Weib+XGBc+Stk,3,Median,0.755,110.9,80.6,410.0
Weib+XGBc+Stk,3,Geometric Mean,0.736,100.2,78.8,224.0
Weib+XGBc+Stk,3,Inv-MAE Weighted,0.783,110.9,95.4,303.5
Weib+XGBc+Stk,3,Rank Fusion,0.764,99.0,103.0,232.7
Weib+XGBa+GBSA,3,Simple Mean,0.811,123.4,77.2,440.3
Weib+XGBa+GBSA,3,Trimmed Mean,0.835,144.3,75.4,791.0
Weib+XGBa+GBSA,3,Median,0.835,144.3,75.4,791.0
Weib+XGBa+GBSA,3,Geometric Mean,0.811,78.0,54.7,188.4
Weib+XGBa+GBSA,3,Inv-MAE Weighted,0.821,101.7,74.5,318.9
Weib+XGBa+GBSA,3,Rank Fusion,0.811,79.6,65.3,209.1
Weib+XGBa+CWGB,3,Simple Mean,0.792,116.9,79.2,417.3
Weib+XGBa+CWGB,3,Trimmed Mean,0.764,127.8,77.7,721.9
Weib+XGBa+CWGB,3,Median,0.764,127.8,77.7,721.9
Weib+XGBa+CWGB,3,Geometric Mean,0.783,71.3,63.4,176.7
Weib+XGBa+CWGB,3,Inv-MAE Weighted,0.802,97.5,80.6,316.7
Weib+XGBa+CWGB,3,Rank Fusion,0.802,81.3,63.2,209.1
Weib+XGBa+Stk,3,Simple Mean,0.811,106.8,76.0,313.3
Weib+XGBa+Stk,3,Trimmed Mean,0.783,107.3,75.4,410.0
Weib+XGBa+Stk,3,Median,0.783,107.3,75.4,410.0
Weib+XGBa+Stk,3,Geometric Mean,0.783,72.6,57.5,186.9
Weib+XGBa+Stk,3,Inv-MAE Weighted,0.811,91.7,77.9,242.6
Weib+XGBa+Stk,3,Rank Fusion,0.811,77.9,60.9,209.1
Weib+GBSA+CWGB,3,Simple Mean,0.783,173.5,102.4,768.0
Weib+GBSA+CWGB,3,Trimmed Mean,0.788,170.6,88.8,791.0
Weib+GBSA+CWGB,3,Median,0.788,170.6,88.8,791.0
Weib+GBSA+CWGB,3,Geometric Mean,0.792,163.0,84.5,767.5
Weib+GBSA+CWGB,3,Inv-MAE Weighted,0.792,170.9,105.2,764.7
Weib+GBSA+CWGB,3,Rank Fusion,0.783,86.6,88.4,209.1
Weib+GBSA+Stk,3,Simple Mean,0.811,152.9,96.5,664.0
Weib+GBSA+Stk,3,Trimmed Mean,0.807,151.3,74.9,791.0
Weib+GBSA+Stk,3,Median,0.807,151.3,74.9,791.0
Weib+GBSA+Stk,3,Geometric Mean,0.792,139.5,75.4,647.5
Weib+GBSA+Stk,3,Inv-MAE Weighted,0.811,137.8,93.0,608.5
Weib+GBSA+Stk,3,Rank Fusion,0.811,82.7,73.8,198.3
Weib+CWGB+Stk,3,Simple Mean,0.783,146.4,86.6,641.0
Weib+CWGB+Stk,3,Trimmed Mean,0.783,125.9,71.5,721.9
Weib+CWGB+Stk,3,Median,0.783,125.9,71.5,721.9
Weib+CWGB+Stk,3,Geometric Mean,0.783,133.0,85.6,626.9
Weib+CWGB+Stk,3,Inv-MAE Weighted,0.792,132.9,88.5,594.7
Weib+CWGB+Stk,3,Rank Fusion,0.783,96.4,108.3,198.3
XGBc+XGBa+GBSA,3,Simple Mean,0.83,81.3,62.7,215.4
XGBc+XGBa+GBSA,3,Trimmed Mean,0.745,113.4,114.9,247.3
XGBc+XGBa+GBSA,3,Median,0.745,113.4,114.9,247.3
XGBc+XGBa+GBSA,3,Geometric Mean,0.821,94.3,67.4,240.8
XGBc+XGBa+GBSA,3,Inv-MAE Weighted,0.84,76.5,39.3,224.4
XGBc+XGBa+GBSA,3,Rank Fusion,0.802,90.5,78.3,243.5
XGBc+XGBa+CWGB,3,Simple Mean,0.792,83.4,85.9,174.6
XGBc+XGBa+CWGB,3,Trimmed Mean,0.755,111.0,114.9,247.3
XGBc+XGBa+CWGB,3,Median,0.755,111.0,114.9,247.3
XGBc+XGBa+CWGB,3,Geometric Mean,0.774,96.3,74.5,223.6
XGBc+XGBa+CWGB,3,Inv-MAE Weighted,0.821,78.4,63.1,182.5
XGBc+XGBa+CWGB,3,Rank Fusion,0.792,89.9,63.3,243.5
XGBc+XGBa+Stk,3,Simple Mean,0.821,94.4,76.5,245.1
XGBc+XGBa+Stk,3,Trimmed Mean,0.755,117.3,114.9,247.3
XGBc+XGBa+Stk,3,Median,0.755,117.3,114.9,247.3
XGBc+XGBa+Stk,3,Geometric Mean,0.792,113.8,109.2,256.7
XGBc+XGBa+Stk,3,Inv-MAE Weighted,0.821,89.5,74.1,237.0
XGBc+XGBa+Stk,3,Rank Fusion,0.83,79.5,78.1,209.1
XGBc+GBSA+CWGB,3,Simple Mean,0.774,119.2,84.2,432.2
XGBc+GBSA+CWGB,3,Trimmed Mean,0.811,137.1,68.7,721.9
XGBc+GBSA+CWGB,3,Median,0.811,137.1,68.7,721.9
XGBc+GBSA+CWGB,3,Geometric Mean,0.764,105.4,83.8,230.4
XGBc+GBSA+CWGB,3,Inv-MAE Weighted,0.774,116.5,84.3,411.5
XGBc+GBSA+CWGB,3,Rank Fusion,0.792,91.1,76.9,241.3
XGBc+GBSA+Stk,3,Simple Mean,0.821,100.5,73.1,328.2
XGBc+GBSA+Stk,3,Trimmed Mean,0.783,104.9,61.1,410.0
XGBc+GBSA+Stk,3,Median,0.783,104.9,61.1,410.0
XGBc+GBSA+Stk,3,Geometric Mean,0.774,98.3,77.3,219.9
XGBc+GBSA+Stk,3,Inv-MAE Weighted,0.821,97.9,68.9,319.0
XGBc+GBSA+Stk,3,Rank Fusion,0.802,85.4,71.7,198.3
XGBc+CWGB+Stk,3,Simple Mean,0.745,103.8,77.4,305.2
XGBc+CWGB+Stk,3,Trimmed Mean,0.774,103.9,71.7,410.0
XGBc+CWGB+Stk,3,Median,0.774,103.9,71.7,410.0
XGBc+CWGB+Stk,3,Geometric Mean,0.745,99.4,111.2,200.1
XGBc+CWGB+Stk,3,Inv-MAE Weighted,0.774,102.2,78.6,317.2
XGBc+CWGB+Stk,3,Rank Fusion,0.755,99.0,93.6,275.7
XGBa+GBSA+CWGB,3,Simple Mean,0.811,106.9,69.4,417.3
XGBa+GBSA+CWGB,3,Trimmed Mean,0.849,134.5,68.7,721.9
XGBa+GBSA+CWGB,3,Median,0.849,134.5,68.7,721.9
XGBa+GBSA+CWGB,3,Geometric Mean,0.802,69.5,41.9,176.7
XGBa+GBSA+CWGB,3,Inv-MAE Weighted,0.821,93.2,67.1,332.8
XGBa+GBSA+CWGB,3,Rank Fusion,0.83,77.7,70.7,209.1
XGBa+GBSA+Stk,3,Simple Mean,0.83,85.3,57.6,313.3
XGBa+GBSA+Stk,3,Trimmed Mean,0.84,96.0,58.4,410.0
XGBa+GBSA+Stk,3,Median,0.84,96.0,58.4,410.0
XGBa+GBSA+Stk,3,Geometric Mean,0.821,63.9,35.4,181.8
XGBa+GBSA+Stk,3,Inv-MAE Weighted,0.821,78.4,52.5,258.6
XGBa+GBSA+Stk,3,Rank Fusion,0.84,77.8,58.1,209.1
XGBa+CWGB+Stk,3,Simple Mean,0.792,86.7,61.0,290.3
XGBa+CWGB+Stk,3,Trimmed Mean,0.792,97.6,58.5,410.0
XGBa+CWGB+Stk,3,Median,0.792,97.6,58.5,410.0
XGBa+CWGB+Stk,3,Geometric Mean,0.783,64.7,69.3,157.3
XGBa+CWGB+Stk,3,Inv-MAE Weighted,0.802,82.9,66.3,258.9
XGBa+CWGB+Stk,3,Rank Fusion,0.84,72.9,60.5,209.1
GBSA+CWGB+Stk,3,Simple Mean,0.783,134.0,94.7,641.0
GBSA+CWGB+Stk,3,Trimmed Mean,0.802,136.1,82.7,721.9
GBSA+CWGB+Stk,3,Median,0.802,136.1,82.7,721.9
GBSA+CWGB+Stk,3,Geometric Mean,0.792,125.0,91.3,626.9
GBSA+CWGB+Stk,3,Inv-MAE Weighted,0.783,125.6,88.4,601.0
GBSA+CWGB+Stk,3,Rank Fusion,0.802,83.7,88.4,174.6
Cox+Weib+XGBc+XGBa,4,Simple Mean,0.783,101.7,87.5,276.2
Cox+Weib+XGBc+XGBa,4,Trimmed Mean,0.792,95.3,61.9,287.3
Cox+Weib+XGBc+XGBa,4,Median,0.792,95.3,61.9,287.3
Cox+Weib+XGBc+XGBa,4,Geometric Mean,0.792,82.9,57.6,214.7
Cox+Weib+XGBc+XGBa,4,Inv-MAE Weighted,0.802,90.6,64.9,219.5
Cox+Weib+XGBc+XGBa,4,Rank Fusion,0.783,81.4,63.8,209.1
Cox+Weib+XGBc+GBSA,4,Simple Mean,0.764,136.6,95.7,539.2
Cox+Weib+XGBc+GBSA,4,Trimmed Mean,0.778,141.0,65.8,791.0
Cox+Weib+XGBc+GBSA,4,Median,0.778,141.0,65.8,791.0
Cox+Weib+XGBc+GBSA,4,Geometric Mean,0.755,109.6,70.9,350.6
Cox+Weib+XGBc+GBSA,4,Inv-MAE Weighted,0.764,130.6,94.8,519.3
Cox+Weib+XGBc+GBSA,4,Rank Fusion,0.783,96.9,88.9,198.3
Cox+Weib+XGBc+CWGB,4,Simple Mean,0.755,131.7,91.7,521.9
Cox+Weib+XGBc+CWGB,4,Trimmed Mean,0.764,131.6,75.5,756.5
Cox+Weib+XGBc+CWGB,4,Median,0.764,131.6,75.5,756.5
Cox+Weib+XGBc+CWGB,4,Geometric Mean,0.745,107.1,82.2,339.4
Cox+Weib+XGBc+CWGB,4,Inv-MAE Weighted,0.764,126.8,91.4,510.8
Cox+Weib+XGBc+CWGB,4,Rank Fusion,0.755,104.8,96.3,275.7
Cox+Weib+XGBc+Stk,4,Simple Mean,0.774,120.6,93.5,443.9
Cox+Weib+XGBc+Stk,4,Trimmed Mean,0.783,117.5,71.4,600.5
Cox+Weib+XGBc+Stk,4,Median,0.783,117.5,71.4,600.5
Cox+Weib+XGBc+Stk,4,Geometric Mean,0.736,101.4,89.9,281.4
Cox+Weib+XGBc+Stk,4,Inv-MAE Weighted,0.783,113.1,91.8,428.7
Cox+Weib+XGBc+Stk,4,Rank Fusion,0.774,96.4,103.0,232.7
Cox+Weib+XGBa+GBSA,4,Simple Mean,0.802,125.5,84.2,528.0
Cox+Weib+XGBa+GBSA,4,Trimmed Mean,0.807,136.3,62.7,791.0
Cox+Weib+XGBa+GBSA,4,Median,0.807,136.3,62.7,791.0
Cox+Weib+XGBa+GBSA,4,Geometric Mean,0.811,86.8,50.3,302.2
Cox+Weib+XGBa+GBSA,4,Inv-MAE Weighted,0.802,109.6,74.5,449.7
Cox+Weib+XGBa+GBSA,4,Rank Fusion,0.811,79.6,51.5,209.1
Cox+Weib+XGBa+CWGB,4,Simple Mean,0.792,120.7,83.4,510.7
Cox+Weib+XGBa+CWGB,4,Trimmed Mean,0.774,128.3,75.5,756.5
Cox+Weib+XGBa+CWGB,4,Median,0.774,128.3,75.5,756.5
Cox+Weib+XGBa+CWGB,4,Geometric Mean,0.774,82.4,60.3,291.7
Cox+Weib+XGBa+CWGB,4,Inv-MAE Weighted,0.792,106.7,75.3,444.0
Cox+Weib+XGBa+CWGB,4,Rank Fusion,0.811,75.8,55.5,209.1
Cox+Weib+XGBa+Stk,4,Simple Mean,0.802,110.6,78.0,432.8
Cox+Weib+XGBa+Stk,4,Trimmed Mean,0.783,115.7,64.1,600.5
Cox+Weib+XGBa+Stk,4,Median,0.783,115.7,64.1,600.5
Cox+Weib+XGBa+Stk,4,Geometric Mean,0.783,79.7,61.6,237.4
Cox+Weib+XGBa+Stk,4,Inv-MAE Weighted,0.821,98.3,75.4,374.2
Cox+Weib+XGBa+Stk,4,Rank Fusion,0.821,83.5,60.9,174.6
Cox+Weib+GBSA+CWGB,4,Simple Mean,0.783,163.1,98.3,773.7
Cox+Weib+GBSA+CWGB,4,Trimmed Mean,0.788,151.3,97.1,791.0
Cox+Weib+GBSA+CWGB,4,Median,0.788,151.3,97.1,791.0
Cox+Weib+GBSA+CWGB,4,Geometric Mean,0.783,153.8,96.7,773.4
Cox+Weib+GBSA+CWGB,4,Inv-MAE Weighted,0.783,159.7,95.0,772.6
Cox+Weib+GBSA+CWGB,4,Rank Fusion,0.802,89.4,91.0,163.8
Cox+Weib+GBSA+Stk,4,Simple Mean,0.802,147.7,112.0,695.8
Cox+Weib+GBSA+Stk,4,Trimmed Mean,0.788,139.5,80.8,791.0
Cox+Weib+GBSA+Stk,4,Median,0.788,139.5,80.8,791.0
Cox+Weib+GBSA+Stk,4,Geometric Mean,0.792,136.7,83.5,681.7
Cox+Weib+GBSA+Stk,4,Inv-MAE Weighted,0.802,136.2,102.7,657.1
Cox+Weib+GBSA+Stk,4,Rank Fusion,0.792,90.6,91.0,198.3
Cox+Weib+CWGB+Stk,4,Simple Mean,0.783,142.8,84.9,678.5
Cox+Weib+CWGB+Stk,4,Trimmed Mean,0.792,128.1,74.4,756.5
Cox+Weib+CWGB+Stk,4,Median,0.792,128.1,74.4,756.5
Cox+Weib+CWGB+Stk,4,Geometric Mean,0.783,132.5,84.1,665.7
Cox+Weib+CWGB+Stk,4,Inv-MAE Weighted,0.792,132.7,82.6,645.3
Cox+Weib+CWGB+Stk,4,Rank Fusion,0.802,92.3,103.0,172.3
Cox+XGBc+XGBa+GBSA,4,Simple Mean,0.802,88.3,66.2,276.2
Cox+XGBc+XGBa+GBSA,4,Trimmed Mean,0.83,82.1,46.3,287.3
Cox+XGBc+XGBa+GBSA,4,Median,0.83,82.1,46.3,287.3
Cox+XGBc+XGBa+GBSA,4,Geometric Mean,0.802,78.3,48.5,211.4
Cox+XGBc+XGBa+GBSA,4,Inv-MAE Weighted,0.802,84.4,54.5,233.7
Cox+XGBc+XGBa+GBSA,4,Rank Fusion,0.84,77.3,76.0,209.1
Cox+XGBc+XGBa+CWGB,4,Simple Mean,0.792,92.2,74.2,258.9
Cox+XGBc+XGBa+CWGB,4,Trimmed Mean,0.802,82.1,61.5,252.8
Cox+XGBc+XGBa+CWGB,4,Median,0.802,82.1,61.5,252.8
Cox+XGBc+XGBa+CWGB,4,Geometric Mean,0.774,79.9,65.6,196.0
Cox+XGBc+XGBa+CWGB,4,Inv-MAE Weighted,0.792,88.5,77.9,234.7
Cox+XGBc+XGBa+CWGB,4,Rank Fusion,0.792,82.2,59.0,209.1
Cox+XGBc+XGBa+Stk,4,Simple Mean,0.821,93.3,89.7,203.9
Cox+XGBc+XGBa+Stk,4,Trimmed Mean,0.84,87.3,85.2,212.8
Cox+XGBc+XGBa+Stk,4,Median,0.84,87.3,85.2,212.8
Cox+XGBc+XGBa+Stk,4,Geometric Mean,0.792,87.7,71.5,226.1
Cox+XGBc+XGBa+Stk,4,Inv-MAE Weighted,0.821,92.5,87.9,201.3
Cox+XGBc+XGBa+Stk,4,Rank Fusion,0.792,82.5,63.8,209.1
Cox+XGBc+GBSA+CWGB,4,Simple Mean,0.774,122.4,89.9,521.9
Cox+XGBc+GBSA+CWGB,4,Trimmed Mean,0.792,135.2,81.4,756.5
Cox+XGBc+GBSA+CWGB,4,Median,0.792,135.2,81.4,756.5
Cox+XGBc+GBSA+CWGB,4,Geometric Mean,0.764,107.5,84.5,339.4
Cox+XGBc+GBSA+CWGB,4,Inv-MAE Weighted,0.764,120.9,90.0,518.3
Cox+XGBc+GBSA+CWGB,4,Rank Fusion,0.774,91.1,80.5,241.3
Cox+XGBc+GBSA+Stk,4,Simple Mean,0.811,107.0,86.9,443.9
Cox+XGBc+GBSA+Stk,4,Trimmed Mean,0.792,106.1,60.9,600.5
Cox+XGBc+GBSA+Stk,4,Median,0.792,106.1,60.9,600.5
Cox+XGBc+GBSA+Stk,4,Geometric Mean,0.774,100.7,73.8,281.4
Cox+XGBc+GBSA+Stk,4,Inv-MAE Weighted,0.802,103.6,70.6,437.3
Cox+XGBc+GBSA+Stk,4,Rank Fusion,0.821,81.5,71.7,163.8
Cox+XGBc+CWGB+Stk,4,Simple Mean,0.755,107.5,72.2,426.6
Cox+XGBc+CWGB+Stk,4,Trimmed Mean,0.792,106.2,63.2,566.0
Cox+XGBc+CWGB+Stk,4,Median,0.792,106.2,63.2,566.0
Cox+XGBc+CWGB+Stk,4,Geometric Mean,0.745,102.8,84.3,271.2
Cox+XGBc+CWGB+Stk,4,Inv-MAE Weighted,0.764,106.2,70.2,432.5
Cox+XGBc+CWGB+Stk,4,Rank Fusion,0.764,99.0,108.3,241.3
Cox+XGBa+GBSA+CWGB,4,Simple Mean,0.802,111.3,78.7,510.7
Cox+XGBa+GBSA+CWGB,4,Trimmed Mean,0.802,130.8,81.4,756.5
Cox+XGBa+GBSA+CWGB,4,Median,0.802,130.8,81.4,756.5
Cox+XGBa+GBSA+CWGB,4,Geometric Mean,0.783,77.5,59.3,291.7
Cox+XGBa+GBSA+CWGB,4,Inv-MAE Weighted,0.802,101.7,72.2,452.7
Cox+XGBa+GBSA+CWGB,4,Rank Fusion,0.83,73.8,76.0,209.1
Cox+XGBa+GBSA+Stk,4,Simple Mean,0.811,95.9,70.2,432.8
Cox+XGBa+GBSA+Stk,4,Trimmed Mean,0.821,100.9,40.0,600.5
Cox+XGBa+GBSA+Stk,4,Median,0.821,100.9,40.0,600.5
Cox+XGBa+GBSA+Stk,4,Geometric Mean,0.811,71.3,48.6,237.4
Cox+XGBa+GBSA+Stk,4,Inv-MAE Weighted,0.811,87.5,52.6,383.6
Cox+XGBa+GBSA+Stk,4,Rank Fusion,0.83,77.8,51.5,209.1
Cox+XGBa+CWGB+Stk,4,Simple Mean,0.792,94.7,57.5,415.5
Cox+XGBa+CWGB+Stk,4,Trimmed Mean,0.802,103.0,44.2,566.0
Cox+XGBa+CWGB+Stk,4,Median,0.802,103.0,44.2,566.0
Cox+XGBa+CWGB+Stk,4,Geometric Mean,0.774,72.5,52.5,227.9
Cox+XGBa+CWGB+Stk,4,Inv-MAE Weighted,0.792,91.0,54.5,380.5
Cox+XGBa+CWGB+Stk,4,Rank Fusion,0.821,72.1,55.8,209.1
Cox+GBSA+CWGB+Stk,4,Simple Mean,0.792,133.7,86.1,678.5
Cox+GBSA+CWGB+Stk,4,Trimmed Mean,0.792,134.8,77.2,756.5
Cox+GBSA+CWGB+Stk,4,Median,0.792,134.8,77.2,756.5
Cox+GBSA+CWGB+Stk,4,Geometric Mean,0.792,126.1,88.5,665.7
Cox+GBSA+CWGB+Stk,4,Inv-MAE Weighted,0.783,127.2,86.3,648.8
Cox+GBSA+CWGB+Stk,4,Rank Fusion,0.802,89.4,91.0,163.8
Weib+XGBc+XGBa+GBSA,4,Simple Mean,0.811,104.1,77.7,276.2
Weib+XGBc+XGBa+GBSA,4,Trimmed Mean,0.821,88.3,49.3,287.3
Weib+XGBc+XGBa+GBSA,4,Median,0.821,88.3,49.3,287.3
Weib+XGBc+XGBa+GBSA,4,Geometric Mean,0.811,74.1,35.7,215.9
Weib+XGBc+XGBa+GBSA,4,Inv-MAE Weighted,0.811,87.7,68.7,202.7
Weib+XGBc+XGBa+GBSA,4,Rank Fusion,0.83,76.2,76.0,209.1
Weib+XGBc+XGBa+CWGB,4,Simple Mean,0.792,98.2,94.6,258.9
Weib+XGBc+XGBa+CWGB,4,Trimmed Mean,0.802,89.9,60.7,252.8
Weib+XGBc+XGBa+CWGB,4,Median,0.802,89.9,60.7,252.8
Weib+XGBc+XGBa+CWGB,4,Geometric Mean,0.792,77.3,54.7,200.9
Weib+XGBc+XGBa+CWGB,4,Inv-MAE Weighted,0.802,83.8,67.2,184.4
Weib+XGBc+XGBa+CWGB,4,Rank Fusion,0.764,87.9,61.8,209.1
Weib+XGBc+XGBa+Stk,4,Simple Mean,0.821,96.3,81.8,211.6
Weib+XGBc+XGBa+Stk,4,Trimmed Mean,0.83,90.0,87.1,212.8
Weib+XGBc+XGBa+Stk,4,Median,0.83,90.0,87.1,212.8
Weib+XGBc+XGBa+Stk,4,Geometric Mean,0.783,85.6,73.1,230.2
Weib+XGBc+XGBa+Stk,4,Inv-MAE Weighted,0.83,85.7,65.8,216.2
Weib+XGBc+XGBa+Stk,4,Rank Fusion,0.792,82.5,63.8,209.1
Weib+XGBc+GBSA+CWGB,4,Simple Mean,0.783,140.7,102.1,521.9
Weib+XGBc+GBSA+CWGB,4,Trimmed Mean,0.802,146.5,84.9,756.5
Weib+XGBc+GBSA+CWGB,4,Median,0.802,146.5,84.9,756.5
Weib+XGBc+GBSA+CWGB,4,Geometric Mean,0.783,112.1,83.0,339.4
Weib+XGBc+GBSA+CWGB,4,Inv-MAE Weighted,0.792,134.9,105.7,490.5
Weib+XGBc+GBSA+CWGB,4,Rank Fusion,0.764,99.7,80.5,209.1
Weib+XGBc+GBSA+Stk,4,Simple Mean,0.811,125.4,78.0,443.9
Weib+XGBc+GBSA+Stk,4,Trimmed Mean,0.783,124.5,68.8,600.5
Weib+XGBc+GBSA+Stk,4,Median,0.783,124.5,68.8,600.5
Weib+XGBc+GBSA+Stk,4,Geometric Mean,0.764,100.8,63.1,281.4
Weib+XGBc+GBSA+Stk,4,Inv-MAE Weighted,0.802,115.0,79.8,405.6
Weib+XGBc+GBSA+Stk,4,Rank Fusion,0.783,94.0,86.5,232.7
Weib+XGBc+CWGB+Stk,4,Simple Mean,0.764,120.3,90.8,426.6
Weib+XGBc+CWGB+Stk,4,Trimmed Mean,0.783,113.7,67.2,566.0
Weib+XGBc+CWGB+Stk,4,Median,0.783,113.7,67.2,566.0
Weib+XGBc+CWGB+Stk,4,Geometric Mean,0.745,96.9,88.2,271.2
Weib+XGBc+CWGB+Stk,4,Inv-MAE Weighted,0.792,111.3,88.0,401.4
Weib+XGBc+CWGB+Stk,4,Rank Fusion,0.745,104.8,108.3,275.7
Weib+XGBa+GBSA+CWGB,4,Simple Mean,0.802,129.6,83.5,510.7
Weib+XGBa+GBSA+CWGB,4,Trimmed Mean,0.802,142.7,84.9,756.5
Weib+XGBa+GBSA+CWGB,4,Median,0.802,142.7,84.9,756.5
Weib+XGBa+GBSA+CWGB,4,Geometric Mean,0.802,88.7,67.4,291.7
Weib+XGBa+GBSA+CWGB,4,Inv-MAE Weighted,0.821,112.9,83.5,420.9
Weib+XGBa+GBSA+CWGB,4,Rank Fusion,0.821,79.6,85.0,209.1
Weib+XGBa+GBSA+Stk,4,Simple Mean,0.821,114.2,72.6,432.8
Weib+XGBa+GBSA+Stk,4,Trimmed Mean,0.821,119.2,68.2,600.5
Weib+XGBa+GBSA+Stk,4,Median,0.821,119.2,68.2,600.5
Weib+XGBa+GBSA+Stk,4,Geometric Mean,0.811,79.0,54.8,237.4
Weib+XGBa+GBSA+Stk,4,Inv-MAE Weighted,0.821,96.8,66.4,349.5
Weib+XGBa+GBSA+Stk,4,Rank Fusion,0.811,86.4,68.8,209.1
Weib+XGBa+CWGB+Stk,4,Simple Mean,0.811,109.3,73.9,415.5
Weib+XGBa+CWGB+Stk,4,Trimmed Mean,0.802,110.0,62.7,566.0
Weib+XGBa+CWGB+Stk,4,Median,0.802,110.0,62.7,566.0
Weib+XGBa+CWGB+Stk,4,Geometric Mean,0.802,74.6,56.5,227.9
Weib+XGBa+CWGB+Stk,4,Inv-MAE Weighted,0.811,93.9,71.4,347.2
Weib+XGBa+CWGB+Stk,4,Rank Fusion,0.802,75.9,55.8,209.1
Weib+GBSA+CWGB+Stk,4,Simple Mean,0.792,151.7,101.8,678.5
Weib+GBSA+CWGB+Stk,4,Trimmed Mean,0.802,144.9,101.4,756.5
Weib+GBSA+CWGB+Stk,4,Median,0.802,144.9,101.4,756.5
Weib+GBSA+CWGB+Stk,4,Geometric Mean,0.792,138.8,97.9,665.7
Weib+GBSA+CWGB+Stk,4,Inv-MAE Weighted,0.802,140.2,107.0,636.0
Weib+GBSA+CWGB+Stk,4,Rank Fusion,0.811,83.7,91.0,163.8
XGBc+XGBa+GBSA+CWGB,4,Simple Mean,0.802,91.6,73.5,258.9
XGBc+XGBa+GBSA+CWGB,4,Trimmed Mean,0.811,83.6,61.5,252.8
XGBc+XGBa+GBSA+CWGB,4,Median,0.811,83.6,61.5,252.8
XGBc+XGBa+GBSA+CWGB,4,Geometric Mean,0.802,79.0,46.8,197.4
XGBc+XGBa+GBSA+CWGB,4,Inv-MAE Weighted,0.802,86.2,75.0,199.9
XGBc+XGBa+GBSA+CWGB,4,Rank Fusion,0.821,80.5,60.5,209.1
XGBc+XGBa+GBSA+Stk,4,Simple Mean,0.821,83.8,45.1,206.1
XGBc+XGBa+GBSA+Stk,4,Trimmed Mean,0.84,84.3,86.7,212.8
XGBc+XGBa+GBSA+Stk,4,Median,0.84,84.3,86.7,212.8
XGBc+XGBa+GBSA+Stk,4,Geometric Mean,0.802,81.0,42.6,227.3
XGBc+XGBa+GBSA+Stk,4,Inv-MAE Weighted,0.811,80.8,54.8,209.7
XGBc+XGBa+GBSA+Stk,4,Rank Fusion,0.84,76.3,76.0,209.1
XGBc+XGBa+CWGB+Stk,4,Simple Mean,0.783,85.8,96.8,175.5
XGBc+XGBa+CWGB+Stk,4,Trimmed Mean,0.821,84.6,85.2,212.8
XGBc+XGBa+CWGB+Stk,4,Median,0.821,84.6,85.2,212.8
XGBc+XGBa+CWGB+Stk,4,Geometric Mean,0.783,83.4,61.2,213.3
XGBc+XGBa+CWGB+Stk,4,Inv-MAE Weighted,0.802,84.6,93.5,181.2
XGBc+XGBa+CWGB+Stk,4,Rank Fusion,0.792,76.4,46.6,209.1
XGBc+GBSA+CWGB+Stk,4,Simple Mean,0.774,111.0,87.6,426.6
XGBc+GBSA+CWGB+Stk,4,Trimmed Mean,0.802,110.6,60.9,566.0
XGBc+GBSA+CWGB+Stk,4,Median,0.802,110.6,60.9,566.0
XGBc+GBSA+CWGB+Stk,4,Geometric Mean,0.774,101.9,81.5,271.2
XGBc+GBSA+CWGB+Stk,4,Inv-MAE Weighted,0.792,106.2,86.8,411.0
XGBc+GBSA+CWGB+Stk,4,Rank Fusion,0.792,87.3,80.5,174.6
XGBa+GBSA+CWGB+Stk,4,Simple Mean,0.802,99.9,72.0,415.5
XGBa+GBSA+CWGB+Stk,4,Trimmed Mean,0.811,105.6,59.8,566.0
XGBa+GBSA+CWGB+Stk,4,Median,0.811,105.6,59.8,566.0
XGBa+GBSA+CWGB+Stk,4,Geometric Mean,0.792,72.5,51.7,227.9
XGBa+GBSA+CWGB+Stk,4,Inv-MAE Weighted,0.802,89.5,70.6,357.4
XGBa+GBSA+CWGB+Stk,4,Rank Fusion,0.84,73.8,68.8,209.1
Cox+Weib+XGBc+XGBa+GBSA,5,Simple Mean,0.802,108.9,69.2,379.1
Cox+Weib+XGBc+XGBa+GBSA,5,Trimmed Mean,0.792,99.4,60.4,455.2
Cox+Weib+XGBc+XGBa+GBSA,5,Median,0.807,129.2,75.4,791.0
Cox+Weib+XGBc+XGBa+GBSA,5,Geometric Mean,0.792,77.7,49.0,194.9
Cox+Weib+XGBc+XGBa+GBSA,5,Inv-MAE Weighted,0.802,96.4,70.8,316.7
Cox+Weib+XGBc+XGBa+GBSA,5,Rank Fusion,0.811,80.6,58.8,209.1
Cox+Weib+XGBc+XGBa+CWGB,5,Simple Mean,0.792,104.9,87.2,365.3
Cox+Weib+XGBc+XGBa+CWGB,5,Trimmed Mean,0.783,96.3,64.2,432.2
Cox+Weib+XGBc+XGBa+CWGB,5,Median,0.745,131.8,77.7,721.9
Cox+Weib+XGBc+XGBa+CWGB,5,Geometric Mean,0.783,79.8,66.6,181.5
Cox+Weib+XGBc+XGBa+CWGB,5,Inv-MAE Weighted,0.792,94.2,67.5,315.5
Cox+Weib+XGBc+XGBa+CWGB,5,Rank Fusion,0.774,81.4,63.8,209.1
Cox+Weib+XGBc+XGBa+Stk,5,Simple Mean,0.802,100.9,87.9,302.9
Cox+Weib+XGBc+XGBa+Stk,5,Trimmed Mean,0.802,98.2,73.0,328.2
Cox+Weib+XGBc+XGBa+Stk,5,Median,0.778,108.7,75.4,410.0
Cox+Weib+XGBc+XGBa+Stk,5,Geometric Mean,0.783,86.0,65.7,207.9
Cox+Weib+XGBc+XGBa+Stk,5,Inv-MAE Weighted,0.811,92.4,75.3,269.2
Cox+Weib+XGBc+XGBa+Stk,5,Rank Fusion,0.783,84.4,63.8,209.1
Cox+Weib+XGBc+GBSA+CWGB,5,Simple Mean,0.783,138.9,105.5,575.7
Cox+Weib+XGBc+GBSA+CWGB,5,Trimmed Mean,0.792,140.7,101.5,768.0
Cox+Weib+XGBc+GBSA+CWGB,5,Median,0.774,134.2,73.2,791.0
Cox+Weib+XGBc+GBSA+CWGB,5,Geometric Mean,0.764,115.5,84.7,413.5
Cox+Weib+XGBc+GBSA+CWGB,5,Inv-MAE Weighted,0.783,134.2,106.1,561.7
Cox+Weib+XGBc+GBSA+CWGB,5,Rank Fusion,0.774,93.3,97.8,198.3
Cox+Weib+XGBc+GBSA+Stk,5,Simple Mean,0.792,126.6,89.4,513.3
Cox+Weib+XGBc+GBSA+Stk,5,Trimmed Mean,0.792,123.1,73.0,664.0
Cox+Weib+XGBc+GBSA+Stk,5,Median,0.792,133.6,75.0,791.0
Cox+Weib+XGBc+GBSA+Stk,5,Geometric Mean,0.764,105.3,76.7,362.1
Cox+Weib+XGBc+GBSA+Stk,5,Inv-MAE Weighted,0.802,118.0,90.3,488.3
Cox+Weib+XGBc+GBSA+Stk,5,Rank Fusion,0.783,90.4,91.0,198.3
Cox+Weib+XGBc+CWGB+Stk,5,Simple Mean,0.774,122.7,89.3,499.5
Cox+Weib+XGBc+CWGB+Stk,5,Trimmed Mean,0.802,116.8,62.1,641.0
Cox+Weib+XGBc+CWGB+Stk,5,Median,0.783,127.3,73.3,721.9
Cox+Weib+XGBc+CWGB+Stk,5,Geometric Mean,0.745,103.0,82.2,353.0
Cox+Weib+XGBc+CWGB+Stk,5,Inv-MAE Weighted,0.792,115.6,84.4,482.9
Cox+Weib+XGBc+CWGB+Stk,5,Rank Fusion,0.783,95.2,108.3,172.3
Cox+Weib+XGBa+GBSA+CWGB,5,Simple Mean,0.792,130.0,97.6,566.8
Cox+Weib+XGBa+GBSA+CWGB,5,Trimmed Mean,0.802,137.6,100.8,768.0
Cox+Weib+XGBa+GBSA+CWGB,5,Median,0.792,129.1,73.2,791.0
Cox+Weib+XGBa+GBSA+CWGB,5,Geometric Mean,0.792,95.0,70.0,371.3
Cox+Weib+XGBa+GBSA+CWGB,5,Inv-MAE Weighted,0.811,117.1,97.6,503.2
Cox+Weib+XGBa+GBSA+CWGB,5,Rank Fusion,0.802,79.6,63.8,209.1
Cox+Weib+XGBa+GBSA+Stk,5,Simple Mean,0.802,117.7,75.7,504.4
Cox+Weib+XGBa+GBSA+Stk,5,Trimmed Mean,0.811,119.6,67.8,664.0
Cox+Weib+XGBa+GBSA+Stk,5,Median,0.807,131.1,70.6,791.0
Cox+Weib+XGBa+GBSA+Stk,5,Geometric Mean,0.792,86.0,61.0,322.5
Cox+Weib+XGBa+GBSA+Stk,5,Inv-MAE Weighted,0.802,103.3,75.4,439.0
Cox+Weib+XGBa+GBSA+Stk,5,Rank Fusion,0.811,86.4,73.8,209.1
Cox+Weib+XGBa+CWGB+Stk,5,Simple Mean,0.811,113.8,81.0,490.6
Cox+Weib+XGBa+CWGB+Stk,5,Trimmed Mean,0.811,114.3,51.7,641.0
Cox+Weib+XGBa+CWGB+Stk,5,Median,0.783,125.9,71.5,721.9
Cox+Weib+XGBa+CWGB+Stk,5,Geometric Mean,0.792,82.7,58.8,313.9
Cox+Weib+XGBa+CWGB+Stk,5,Inv-MAE Weighted,0.811,101.4,72.4,435.1
Cox+Weib+XGBa+CWGB+Stk,5,Rank Fusion,0.802,81.5,56.6,209.1
Cox+Weib+GBSA+CWGB+Stk,5,Simple Mean,0.792,147.7,97.9,701.0
Cox+Weib+GBSA+CWGB+Stk,5,Trimmed Mean,0.792,139.7,101.9,768.0
Cox+Weib+GBSA+CWGB+Stk,5,Median,0.783,129.4,73.2,791.0
Cox+Weib+GBSA+CWGB+Stk,5,Geometric Mean,0.783,136.9,101.1,689.6
Cox+Weib+GBSA+CWGB+Stk,5,Inv-MAE Weighted,0.792,138.4,98.1,669.4
Cox+Weib+GBSA+CWGB+Stk,5,Rank Fusion,0.802,89.4,91.0,163.8
Cox+XGBc+XGBa+GBSA+CWGB,5,Simple Mean,0.802,97.5,81.3,365.3
Cox+XGBc+XGBa+GBSA+CWGB,5,Trimmed Mean,0.811,93.4,72.1,432.2
Cox+XGBc+XGBa+GBSA+CWGB,5,Median,0.821,113.4,53.0,721.9
Cox+XGBc+XGBa+GBSA+CWGB,5,Geometric Mean,0.792,82.3,65.5,178.3
Cox+XGBc+XGBa+GBSA+CWGB,5,Inv-MAE Weighted,0.802,93.0,75.4,325.1
Cox+XGBc+XGBa+GBSA+CWGB,5,Rank Fusion,0.802,77.7,63.8,209.1
Cox+XGBc+XGBa+GBSA+Stk,5,Simple Mean,0.811,89.6,67.8,302.9
Cox+XGBc+XGBa+GBSA+Stk,5,Trimmed Mean,0.821,89.4,55.6,328.2
Cox+XGBc+XGBa+GBSA+Stk,5,Median,0.807,101.4,61.1,410.0
Cox+XGBc+XGBa+GBSA+Stk,5,Geometric Mean,0.792,81.3,75.9,205.2
Cox+XGBc+XGBa+GBSA+Stk,5,Inv-MAE Weighted,0.811,87.1,69.0,278.9
Cox+XGBc+XGBa+GBSA+Stk,5,Rank Fusion,0.811,80.6,58.8,209.1
Cox+XGBc+XGBa+CWGB+Stk,5,Simple Mean,0.783,92.4,69.8,289.1
Cox+XGBc+XGBa+CWGB+Stk,5,Trimmed Mean,0.802,89.4,63.8,305.2
Cox+XGBc+XGBa+CWGB+Stk,5,Median,0.783,102.9,65.6,410.0
Cox+XGBc+XGBa+CWGB+Stk,5,Geometric Mean,0.783,83.7,85.2,192.6
Cox+XGBc+XGBa+CWGB+Stk,5,Inv-MAE Weighted,0.792,89.7,71.1,278.6
Cox+XGBc+XGBa+CWGB+Stk,5,Rank Fusion,0.792,79.6,63.8,209.1
Cox+XGBc+GBSA+CWGB+Stk,5,Simple Mean,0.783,115.2,87.9,499.5
Cox+XGBc+GBSA+CWGB+Stk,5,Trimmed Mean,0.792,116.8,74.6,641.0
Cox+XGBc+GBSA+CWGB+Stk,5,Median,0.783,120.1,73.3,721.9
Cox+XGBc+GBSA+CWGB+Stk,5,Geometric Mean,0.774,104.3,76.6,353.0
Cox+XGBc+GBSA+CWGB+Stk,5,Inv-MAE Weighted,0.783,111.5,86.3,488.9
Cox+XGBc+GBSA+CWGB+Stk,5,Rank Fusion,0.792,89.4,108.3,172.3
Cox+XGBa+GBSA+CWGB+Stk,5,Simple Mean,0.802,106.3,77.0,490.6
Cox+XGBa+GBSA+CWGB+Stk,5,Trimmed Mean,0.802,113.3,69.1,641.0
Cox+XGBa+GBSA+CWGB+Stk,5,Median,0.802,114.8,60.8,721.9
Cox+XGBa+GBSA+CWGB+Stk,5,Geometric Mean,0.792,78.8,62.6,313.9
Cox+XGBa+GBSA+CWGB+Stk,5,Inv-MAE Weighted,0.811,97.8,70.6,441.7
Cox+XGBa+GBSA+CWGB+Stk,5,Rank Fusion,0.821,76.7,60.9,209.1
Weib+XGBc+XGBa+GBSA+CWGB,5,Simple Mean,0.802,112.1,92.3,365.3
Weib+XGBc+XGBa+GBSA+CWGB,5,Trimmed Mean,0.811,100.4,63.7,432.2
Weib+XGBc+XGBa+GBSA+CWGB,5,Median,0.792,119.3,74.3,721.9
Weib+XGBc+XGBa+GBSA+CWGB,5,Geometric Mean,0.783,78.2,44.6,188.8
Weib+XGBc+XGBa+GBSA+CWGB,5,Inv-MAE Weighted,0.821,98.4,84.2,290.2
Weib+XGBc+XGBa+GBSA+CWGB,5,Rank Fusion,0.792,80.5,63.8,209.1
Weib+XGBc+XGBa+GBSA+Stk,5,Simple Mean,0.811,100.9,70.1,302.9
Weib+XGBc+XGBa+GBSA+Stk,5,Trimmed Mean,0.83,92.5,56.8,328.2
Weib+XGBc+XGBa+GBSA+Stk,5,Median,0.802,103.3,64.0,410.0
Weib+XGBc+XGBa+GBSA+Stk,5,Geometric Mean,0.792,78.8,46.7,209.0
Weib+XGBc+XGBa+GBSA+Stk,5,Inv-MAE Weighted,0.811,87.8,56.7,244.1
Weib+XGBc+XGBa+GBSA+Stk,5,Rank Fusion,0.792,89.3,73.8,209.1
Weib+XGBc+XGBa+CWGB+Stk,5,Simple Mean,0.802,95.8,91.6,289.1
Weib+XGBc+XGBa+CWGB+Stk,5,Trimmed Mean,0.802,94.6,71.3,305.2
Weib+XGBc+XGBa+CWGB+Stk,5,Median,0.774,107.3,75.4,410.0
Weib+XGBc+XGBa+CWGB+Stk,5,Geometric Mean,0.802,81.6,62.9,196.6
Weib+XGBc+XGBa+CWGB+Stk,5,Inv-MAE Weighted,0.821,85.8,70.2,244.6
Weib+XGBc+XGBa+CWGB+Stk,5,Rank Fusion,0.783,82.5,63.8,209.1
Weib+XGBc+GBSA+CWGB+Stk,5,Simple Mean,0.783,129.8,97.3,499.5
Weib+XGBc+GBSA+CWGB+Stk,5,Trimmed Mean,0.792,126.4,80.4,641.0
Weib+XGBc+GBSA+CWGB+Stk,5,Median,0.802,126.2,68.8,721.9
Weib+XGBc+GBSA+CWGB+Stk,5,Geometric Mean,0.783,106.7,74.1,353.0
Weib+XGBc+GBSA+CWGB+Stk,5,Inv-MAE Weighted,0.792,120.8,94.8,467.1
Weib+XGBc+GBSA+CWGB+Stk,5,Rank Fusion,0.774,93.3,97.8,198.3
Weib+XGBa+GBSA+CWGB+Stk,5,Simple Mean,0.802,120.9,88.8,490.6
Weib+XGBa+GBSA+CWGB+Stk,5,Trimmed Mean,0.802,122.9,79.7,641.0
Weib+XGBa+GBSA+CWGB+Stk,5,Median,0.802,121.1,68.8,721.9
Weib+XGBa+GBSA+CWGB+Stk,5,Geometric Mean,0.792,87.3,58.9,313.9
Weib+XGBa+GBSA+CWGB+Stk,5,Inv-MAE Weighted,0.821,105.6,79.8,417.9
Weib+XGBa+GBSA+CWGB+Stk,5,Rank Fusion,0.811,79.6,60.9,209.1
XGBc+XGBa+GBSA+CWGB+Stk,5,Simple Mean,0.802,91.9,76.7,289.1
XGBc+XGBa+GBSA+CWGB+Stk,5,Trimmed Mean,0.811,87.1,57.9,305.2
XGBc+XGBa+GBSA+CWGB+Stk,5,Median,0.811,96.1,58.4,410.0
XGBc+XGBa+GBSA+CWGB+Stk,5,Geometric Mean,0.792,80.7,70.9,193.7
XGBc+XGBa+GBSA+CWGB+Stk,5,Inv-MAE Weighted,0.802,88.0,68.8,255.0
XGBc+XGBa+GBSA+CWGB+Stk,5,Rank Fusion,0.811,77.7,63.8,209.1
Cox+Weib+XGBc+XGBa+GBSA+CWGB,6,Simple Mean,0.792,115.4,95.5,436.3
Cox+Weib+XGBc+XGBa+GBSA+CWGB,6,Trimmed Mean,0.802,107.6,71.6,521.9
Cox+Weib+XGBc+XGBa+GBSA+CWGB,6,Median,0.792,125.1,63.8,756.5
Cox+Weib+XGBc+XGBa+GBSA+CWGB,6,Geometric Mean,0.792,82.6,55.8,209.0
Cox+Weib+XGBc+XGBa+GBSA+CWGB,6,Inv-MAE Weighted,0.821,104.6,87.1,383.1
Cox+Weib+XGBc+XGBa+GBSA+CWGB,6,Rank Fusion,0.792,78.5,63.8,209.1
Cox+Weib+XGBc+XGBa+GBSA+Stk,6,Simple Mean,0.802,105.2,75.1,384.3
Cox+Weib+XGBc+XGBa+GBSA+Stk,6,Trimmed Mean,0.821,98.5,61.8,443.9
Cox+Weib+XGBc+XGBa+GBSA+Stk,6,Median,0.802,113.2,64.1,600.5
Cox+Weib+XGBc+XGBa+GBSA+Stk,6,Geometric Mean,0.792,80.8,56.4,192.2
Cox+Weib+XGBc+XGBa+GBSA+Stk,6,Inv-MAE Weighted,0.802,94.5,71.7,337.8
Cox+Weib+XGBc+XGBa+GBSA+Stk,6,Rank Fusion,0.783,90.1,73.8,209.1
Cox+Weib+XGBc+XGBa+CWGB+Stk,6,Simple Mean,0.802,101.9,82.3,372.8
Cox+Weib+XGBc+XGBa+CWGB+Stk,6,Trimmed Mean,0.811,97.8,67.8,426.6
Cox+Weib+XGBc+XGBa+CWGB+Stk,6,Median,0.783,112.6,64.1,566.0
Cox+Weib+XGBc+XGBa+CWGB+Stk,6,Geometric Mean,0.783,83.3,72.0,180.9
Cox+Weib+XGBc+XGBa+CWGB+Stk,6,Inv-MAE Weighted,0.811,92.4,72.7,336.5
Cox+Weib+XGBc+XGBa+CWGB+Stk,6,Rank Fusion,0.792,81.5,63.8,209.1
Cox+Weib+XGBc+GBSA+CWGB+Stk,6,Simple Mean,0.783,130.1,106.2,548.1
Cox+Weib+XGBc+GBSA+CWGB+Stk,6,Trimmed Mean,0.792,127.1,90.0,678.5
Cox+Weib+XGBc+GBSA+CWGB+Stk,6,Median,0.783,127.4,69.9,756.5
Cox+Weib+XGBc+GBSA+CWGB+Stk,6,Geometric Mean,0.764,110.3,77.4,412.9
Cox+Weib+XGBc+GBSA+CWGB+Stk,6,Inv-MAE Weighted,0.783,122.8,98.1,525.5
Cox+Weib+XGBc+GBSA+CWGB+Stk,6,Rank Fusion,0.783,95.2,108.3,172.3
Cox+Weib+XGBa+GBSA+CWGB+Stk,6,Simple Mean,0.792,122.8,102.7,540.7
Cox+Weib+XGBa+GBSA+CWGB+Stk,6,Trimmed Mean,0.802,124.5,90.0,678.5
Cox+Weib+XGBa+GBSA+CWGB+Stk,6,Median,0.802,124.2,64.0,756.5
Cox+Weib+XGBa+GBSA+CWGB+Stk,6,Geometric Mean,0.792,92.9,67.7,377.6
Cox+Weib+XGBa+GBSA+CWGB+Stk,6,Inv-MAE Weighted,0.792,110.1,86.0,482.0
Cox+Weib+XGBa+GBSA+CWGB+Stk,6,Rank Fusion,0.811,80.6,56.6,209.1
Cox+XGBc+XGBa+GBSA+CWGB+Stk,6,Simple Mean,0.811,96.3,81.0,372.8
Cox+XGBc+XGBa+GBSA+CWGB+Stk,6,Trimmed Mean,0.811,93.3,57.9,426.6
Cox+XGBc+XGBa+GBSA+CWGB+Stk,6,Median,0.802,99.1,44.0,566.0
Cox+XGBc+XGBa+GBSA+CWGB+Stk,6,Geometric Mean,0.792,83.6,67.0,178.3
Cox+XGBc+XGBa+GBSA+CWGB+Stk,6,Inv-MAE Weighted,0.811,93.0,66.7,343.6
Cox+XGBc+XGBa+GBSA+CWGB+Stk,6,Rank Fusion,0.802,78.6,63.8,209.1
Weib+XGBc+XGBa+GBSA+CWGB+Stk,6,Simple Mean,0.802,107.8,82.0,372.8
Weib+XGBc+XGBa+GBSA+CWGB+Stk,6,Trimmed Mean,0.802,96.8,63.3,426.6
Weib+XGBc+XGBa+GBSA+CWGB+Stk,6,Median,0.802,107.5,62.1,566.0
Weib+XGBc+XGBa+GBSA+CWGB+Stk,6,Geometric Mean,0.783,80.4,53.3,181.9
Weib+XGBc+XGBa+GBSA+CWGB+Stk,6,Inv-MAE Weighted,0.811,95.6,70.9,317.9
Weib+XGBc+XGBa+GBSA+CWGB+Stk,6,Rank Fusion,0.802,78.6,63.8,209.1
Cox+Weib+XGBc+XGBa+GBSA+CWGB+Stk,7,Simple Mean,0.792,111.2,83.2,432.5
Cox+Weib+XGBc+XGBa+GBSA+CWGB+Stk,7,Trimmed Mean,0.802,103.3,57.8,499.5
Cox+Weib+XGBc+XGBa+GBSA+CWGB+Stk,7,Median,0.802,125.1,68.8,721.9
Cox+Weib+XGBc+XGBa+GBSA+CWGB+Stk,7,Geometric Mean,0.783,83.5,62.0,234.4
Cox+Weib+XGBc+XGBa+GBSA+CWGB+Stk,7,Inv-MAE Weighted,0.802,101.0,72.7,388.4
Cox+Weib+XGBc+XGBa+GBSA+CWGB+Stk,7,Rank Fusion,0.792,81.5,63.8,209.1
