wgr_threshold,sustained_months,n_events,method,c_index,mae_events,median_error,max_error,skipped
1,1,12,Cox PH,0.598,230.1,43.0,1194.0,False
1,1,12,Weibull AFT,0.638,219.0,21.9,1194.0,False
1,1,12,XGB Cox,0.594,62.5,48.0,221.6,False
1,1,12,XGB AFT,0.571,50.8,27.7,142.7,False
1,1,12,sksurv GBSA,0.679,92.6,43.1,424.7,False
1,1,12,sksurv CWGB,0.688,204.6,153.1,764.6,False
1,1,12,Stacked,0.554,213.9,41.3,1153.4,False
1,1,12,Simple Mean,0.67,136.5,40.1,705.3,False
1,1,12,Trimmed Mean,0.625,137.8,33.0,735.9,False
1,1,12,Median,0.603,124.7,36.3,764.6,False
1,1,12,Geometric Mean,0.634,94.8,30.5,472.3,False
1,1,12,Inv-MAE Weighted,0.67,92.3,30.7,433.7,False
1,1,12,Rank Fusion,0.625,205.5,182.5,556.0,False
1,2,12,Cox PH,0.585,233.3,47.5,1194.0,False
1,2,12,Weibull AFT,0.603,214.5,22.5,1194.0,False
1,2,12,XGB Cox,0.58,61.9,48.4,216.3,False
1,2,12,XGB AFT,0.536,54.3,33.9,143.8,False
1,2,12,sksurv GBSA,0.661,100.7,42.8,441.1,False
1,2,12,sksurv CWGB,0.661,232.2,168.1,822.5,False
1,2,12,Stacked,0.554,203.1,44.6,1042.3,False
1,2,12,Simple Mean,0.643,137.3,44.6,700.7,False
1,2,12,Trimmed Mean,0.607,139.7,35.5,728.7,False
1,2,12,Median,0.585,137.1,33.9,822.5,False
1,2,12,Geometric Mean,0.616,97.0,32.8,477.2,False
1,2,12,Inv-MAE Weighted,0.643,95.3,32.3,438.3,False
1,2,12,Rank Fusion,0.598,207.3,169.0,556.0,False
1,3,12,Cox PH,0.576,231.5,43.0,1194.0,False
1,3,12,Weibull AFT,0.612,199.2,23.1,1194.0,False
1,3,12,XGB Cox,0.585,63.5,55.5,215.5,False
1,3,12,XGB AFT,0.545,54.8,40.7,140.6,False
1,3,12,sksurv GBSA,0.643,103.8,39.6,458.4,False
1,3,12,sksurv CWGB,0.679,219.4,159.8,801.4,False
1,3,12,Stacked,0.536,201.0,39.6,1065.4,False
1,3,12,Simple Mean,0.643,134.1,44.3,703.0,False
1,3,12,Trimmed Mean,0.607,135.1,34.9,732.0,False
1,3,12,Median,0.576,130.5,33.9,801.4,False
1,3,12,Geometric Mean,0.616,94.8,33.9,478.1,False
1,3,12,Inv-MAE Weighted,0.643,94.7,34.5,450.3,False
1,3,12,Rank Fusion,0.598,202.4,169.0,556.0,False
1,4,12,Cox PH,0.594,229.5,41.5,1194.0,False
1,4,12,Weibull AFT,0.594,183.1,24.3,1194.0,False
1,4,12,XGB Cox,0.567,65.6,55.4,215.6,False
1,4,12,XGB AFT,0.5,56.0,35.0,138.1,False
1,4,12,sksurv GBSA,0.616,104.2,42.7,480.8,False
1,4,12,sksurv CWGB,0.67,212.3,156.8,791.6,False
1,4,12,Stacked,0.571,180.6,40.4,954.8,False
1,4,12,Simple Mean,0.634,127.6,44.8,688.7,False
1,4,12,Trimmed Mean,0.58,127.2,34.5,711.9,False
1,4,12,Median,0.576,125.9,32.1,791.6,False
1,4,12,Geometric Mean,0.589,92.4,33.9,472.2,False
1,4,12,Inv-MAE Weighted,0.634,92.9,33.4,459.7,False
1,4,12,Rank Fusion,0.598,201.0,185.5,556.0,False
1,6,12,Cox PH,0.665,228.3,33.0,1154.0,False
1,6,12,Weibull AFT,0.665,193.1,25.8,1154.0,False
1,6,12,XGB Cox,0.562,68.2,41.8,218.4,False
1,6,12,XGB AFT,0.607,53.5,29.9,159.1,False
1,6,12,sksurv GBSA,0.696,98.1,63.8,454.8,False
1,6,12,sksurv CWGB,0.696,234.4,188.3,848.2,False
1,6,12,Stacked,0.607,189.8,33.2,916.1,False
1,6,12,Simple Mean,0.67,132.0,48.5,666.4,False
1,6,12,Trimmed Mean,0.661,130.8,28.3,694.9,False
1,6,12,Median,0.643,134.2,29.8,848.2,False
1,6,12,Geometric Mean,0.652,95.6,29.7,451.2,False
1,6,12,Inv-MAE Weighted,0.688,93.5,31.1,423.5,False
1,6,12,Rank Fusion,0.625,201.1,166.5,516.0,False
2,1,12,Cox PH,0.63,258.9,97.5,1192.0,False
2,1,12,Weibull AFT,0.634,258.4,82.8,1192.0,False
2,1,12,XGB Cox,0.565,107.0,85.4,273.3,False
2,1,12,XGB AFT,0.546,92.5,57.4,251.0,False
2,1,12,sksurv GBSA,0.583,200.1,98.4,814.1,False
2,1,12,sksurv CWGB,0.583,246.4,215.3,922.8,False
2,1,12,Stacked,0.602,197.7,100.9,845.6,False
2,1,12,Simple Mean,0.63,181.0,78.9,746.3,False
2,1,12,Trimmed Mean,0.63,182.2,84.0,783.6,False
2,1,12,Median,0.611,197.4,89.4,845.6,False
2,1,12,Geometric Mean,0.62,140.0,75.5,552.7,False
2,1,12,Inv-MAE Weighted,0.639,151.8,78.3,569.7,False
2,1,12,Rank Fusion,0.63,188.4,187.1,554.0,False
2,2,12,Cox PH,0.679,250.1,73.5,1134.0,False
2,2,12,Weibull AFT,0.683,249.5,69.3,1134.0,False
2,2,12,XGB Cox,0.647,101.8,59.6,277.5,False
2,2,12,XGB AFT,0.606,91.6,60.0,262.7,False
2,2,12,sksurv GBSA,0.67,171.5,118.5,687.1,False
2,2,12,sksurv CWGB,0.587,204.9,137.8,837.2,False
2,2,12,Stacked,0.624,209.0,123.2,776.8,False
2,2,12,Simple Mean,0.651,169.2,66.9,672.4,False
2,2,12,Trimmed Mean,0.67,169.3,76.8,703.1,False
2,2,12,Median,0.67,172.3,74.2,776.8,False
2,2,12,Geometric Mean,0.67,130.2,71.1,482.2,False
2,2,12,Inv-MAE Weighted,0.661,141.1,74.4,504.7,False
2,2,12,Rank Fusion,0.642,186.3,184.2,496.0,False
2,3,12,Cox PH,0.688,238.8,53.0,1134.0,False
2,3,12,Weibull AFT,0.683,240.0,66.8,1134.0,False
2,3,12,XGB Cox,0.638,114.6,79.1,273.3,False
2,3,12,XGB AFT,0.624,93.4,61.4,252.4,False
2,3,12,sksurv GBSA,0.688,194.7,121.8,1021.3,False
2,3,12,sksurv CWGB,0.523,227.9,144.1,1088.5,False
2,3,12,Stacked,0.628,186.9,84.6,671.0,False
2,3,12,Simple Mean,0.67,170.0,79.9,746.3,False
2,3,12,Trimmed Mean,0.661,169.7,80.5,802.5,False
2,3,12,Median,0.656,182.1,82.5,1021.3,False
2,3,12,Geometric Mean,0.688,128.0,71.2,547.4,False
2,3,12,Inv-MAE Weighted,0.67,143.3,77.0,581.3,False
2,3,12,Rank Fusion,0.661,176.3,184.2,496.0,False
2,4,12,Cox PH,0.688,243.9,84.0,1134.0,False
2,4,12,Weibull AFT,0.683,245.0,67.8,1134.0,False
2,4,12,XGB Cox,0.638,119.7,79.1,321.7,False
2,4,12,XGB AFT,0.642,94.6,56.4,253.2,False
2,4,12,sksurv GBSA,0.688,199.8,142.0,1021.3,False
2,4,12,sksurv CWGB,0.523,224.2,144.1,1088.5,False
2,4,12,Stacked,0.647,199.9,84.0,727.1,False
2,4,12,Simple Mean,0.67,176.0,78.5,755.7,False
2,4,12,Trimmed Mean,0.67,175.8,79.3,815.5,False
2,4,12,Median,0.665,186.5,84.0,1021.3,False
2,4,12,Geometric Mean,0.688,134.1,69.9,555.5,False
2,4,12,Inv-MAE Weighted,0.679,149.1,75.2,591.9,False
2,4,12,Rank Fusion,0.661,174.6,184.2,496.0,False
2,6,12,Cox PH,0.704,235.4,96.5,1025.0,False
2,6,12,Weibull AFT,0.681,233.4,68.5,1025.0,False
2,6,12,XGB Cox,0.634,107.9,48.8,313.3,False
2,6,12,XGB AFT,0.648,90.9,43.4,258.7,False
2,6,12,sksurv GBSA,0.704,201.0,134.0,934.6,False
2,6,12,sksurv CWGB,0.611,197.6,106.2,997.3,False
2,6,12,Stacked,0.667,187.9,83.8,683.0,False
2,6,12,Simple Mean,0.704,163.6,76.2,651.2,False
2,6,12,Trimmed Mean,0.694,166.2,74.2,712.3,False
2,6,12,Median,0.662,184.3,68.5,934.6,False
2,6,12,Geometric Mean,0.694,123.4,62.8,449.8,False
2,6,12,Inv-MAE Weighted,0.694,136.3,72.9,483.3,False
2,6,12,Rank Fusion,0.694,143.1,146.2,387.0,False
3,1,12,Cox PH,0.619,256.2,79.5,1185.0,False
3,1,12,Weibull AFT,0.619,255.3,62.7,1185.0,False
3,1,12,XGB Cox,0.578,117.4,97.7,334.5,False
3,1,12,XGB AFT,0.495,97.0,55.7,285.9,False
3,1,12,sksurv GBSA,0.587,187.0,71.3,732.5,False
3,1,12,sksurv CWGB,0.56,239.4,188.9,909.3,False
3,1,12,Stacked,0.587,203.1,79.9,885.2,False
3,1,12,Simple Mean,0.615,176.8,64.8,733.8,False
3,1,12,Trimmed Mean,0.606,178.2,62.5,768.7,False
3,1,12,Median,0.578,195.6,58.5,885.2,False
3,1,12,Geometric Mean,0.624,136.7,60.7,539.8,False
3,1,12,Inv-MAE Weighted,0.633,150.1,67.8,574.7,False
3,1,12,Rank Fusion,0.596,176.8,170.1,547.0,False
3,2,12,Cox PH,0.722,228.4,90.0,1133.0,False
3,2,12,Weibull AFT,0.69,233.2,59.5,1133.0,False
3,2,12,XGB Cox,0.616,127.7,117.9,324.9,False
3,2,12,XGB AFT,0.565,102.6,74.3,264.4,False
3,2,12,sksurv GBSA,0.667,215.2,99.5,1133.0,False
3,2,12,sksurv CWGB,0.63,188.5,122.5,950.3,False
3,2,12,Stacked,0.676,192.0,54.7,789.5,False
3,2,12,Simple Mean,0.694,161.9,61.3,761.4,False
3,2,12,Trimmed Mean,0.667,167.0,52.5,823.0,False
3,2,12,Median,0.681,187.6,55.8,950.3,False
3,2,12,Geometric Mean,0.704,124.1,55.8,563.1,False
3,2,12,Inv-MAE Weighted,0.704,140.1,65.1,625.2,False
3,2,12,Rank Fusion,0.704,148.5,151.7,495.0,False
3,3,12,Cox PH,0.748,218.4,91.0,980.0,False
3,3,12,Weibull AFT,0.724,218.7,63.9,980.0,False
3,3,12,XGB Cox,0.664,118.2,94.8,306.5,False
3,3,12,XGB AFT,0.617,98.3,70.0,262.4,False
3,3,12,sksurv GBSA,0.729,202.6,90.9,980.0,False
3,3,12,sksurv CWGB,0.72,165.3,97.3,797.3,False
3,3,12,Stacked,0.692,181.4,94.1,680.5,False
3,3,12,Simple Mean,0.738,144.9,80.7,608.4,False
3,3,12,Trimmed Mean,0.729,152.9,75.1,670.0,False
3,3,12,Median,0.696,175.1,68.9,797.3,False
3,3,12,Geometric Mean,0.729,109.2,61.7,410.1,False
3,3,12,Inv-MAE Weighted,0.748,124.0,69.9,475.1,False
3,3,12,Rank Fusion,0.738,123.8,114.1,342.0,False
3,4,12,Cox PH,0.79,210.3,104.5,900.0,False
3,4,12,Weibull AFT,0.762,209.0,64.6,900.0,False
3,4,12,XGB Cox,0.743,126.1,132.8,311.5,False
3,4,12,XGB AFT,0.692,106.4,99.1,257.8,False
3,4,12,sksurv GBSA,0.822,202.0,123.2,874.0,False
3,4,12,sksurv CWGB,0.776,139.4,84.4,706.9,False
3,4,12,Stacked,0.738,163.7,95.7,632.1,False
3,4,12,Simple Mean,0.794,128.0,78.3,506.4,False
3,4,12,Trimmed Mean,0.794,134.0,75.1,569.5,False
3,4,12,Median,0.757,158.4,76.6,706.9,False
3,4,12,Geometric Mean,0.794,92.8,51.1,307.9,False
3,4,12,Inv-MAE Weighted,0.794,111.2,67.5,403.5,False
3,4,12,Rank Fusion,0.785,115.0,112.3,236.0,False
3,6,12,Cox PH,0.785,214.6,100.0,900.0,False
3,6,12,Weibull AFT,0.734,211.1,71.4,900.0,False
3,6,12,XGB Cox,0.715,129.3,131.3,318.7,False
3,6,12,XGB AFT,0.72,105.6,90.1,258.2,False
3,6,12,sksurv GBSA,0.785,203.8,113.0,874.0,False
3,6,12,sksurv CWGB,0.738,157.5,106.0,774.4,False
3,6,12,Stacked,0.72,161.2,99.9,604.2,False
3,6,12,Simple Mean,0.794,127.7,79.5,512.3,False
3,6,12,Trimmed Mean,0.776,134.4,74.3,578.0,False
3,6,12,Median,0.72,173.3,77.6,774.4,False
3,6,12,Geometric Mean,0.785,95.6,51.1,311.7,False
3,6,12,Inv-MAE Weighted,0.794,110.3,66.8,403.9,False
3,6,12,Rank Fusion,0.757,118.4,130.3,236.0,False
4,1,12,Cox PH,0.785,199.2,60.5,897.0,False
4,1,12,Weibull AFT,0.762,208.6,77.5,897.0,False
4,1,12,XGB Cox,0.734,131.1,140.1,312.5,False
4,1,12,XGB AFT,0.654,111.0,100.9,271.5,False
4,1,12,sksurv GBSA,0.813,202.1,112.9,868.0,False
4,1,12,sksurv CWGB,0.776,130.4,89.8,669.6,False
4,1,12,Stacked,0.71,158.7,89.1,634.4,False
4,1,12,Simple Mean,0.794,126.0,71.6,499.5,False
4,1,12,Trimmed Mean,0.794,130.1,65.1,562.6,False
4,1,12,Median,0.757,155.8,77.4,669.6,False
4,1,12,Geometric Mean,0.794,91.9,48.5,299.8,False
4,1,12,Inv-MAE Weighted,0.794,111.6,65.1,411.0,False
4,1,12,Rank Fusion,0.785,112.3,116.2,230.0,False
4,2,12,Cox PH,0.804,192.8,60.0,897.0,False
4,2,12,Weibull AFT,0.771,204.1,65.3,897.0,False
4,2,12,XGB Cox,0.752,133.2,140.2,312.5,False
4,2,12,XGB AFT,0.682,111.9,102.9,257.2,False
4,2,12,sksurv GBSA,0.841,185.8,95.8,828.1,False
4,2,12,sksurv CWGB,0.766,125.9,86.5,665.0,False
4,2,12,Stacked,0.757,159.4,79.0,692.4,False
4,2,12,Simple Mean,0.813,124.4,55.8,502.2,False
4,2,12,Trimmed Mean,0.804,128.1,50.6,566.6,False
4,2,12,Median,0.762,149.7,65.2,665.0,False
4,2,12,Geometric Mean,0.813,90.8,49.4,302.1,False
4,2,12,Inv-MAE Weighted,0.813,111.6,49.9,425.0,False
4,2,12,Rank Fusion,0.804,111.1,103.5,230.0,False
4,3,12,Cox PH,0.79,213.8,80.5,897.0,False
4,3,12,Weibull AFT,0.743,213.2,82.8,897.0,False
4,3,12,XGB Cox,0.724,139.6,137.0,319.6,False
4,3,12,XGB AFT,0.664,106.4,105.2,257.4,False
4,3,12,sksurv GBSA,0.832,174.4,64.4,868.0,False
4,3,12,sksurv CWGB,0.766,138.7,83.0,720.1,False
4,3,12,Stacked,0.71,168.9,95.7,654.1,False
4,3,12,Simple Mean,0.804,129.7,70.6,508.0,False
4,3,12,Trimmed Mean,0.794,133.7,71.1,574.8,False
4,3,12,Median,0.738,157.6,82.8,720.1,False
4,3,12,Geometric Mean,0.794,97.4,61.6,305.8,False
4,3,12,Inv-MAE Weighted,0.813,113.5,61.4,420.5,False
4,3,12,Rank Fusion,0.785,111.2,119.5,230.0,False
4,4,12,Cox PH,0.785,206.2,56.0,897.0,False
4,4,12,Weibull AFT,0.734,213.6,81.5,897.0,False
4,4,12,XGB Cox,0.668,144.2,123.0,309.9,False
4,4,12,XGB AFT,0.57,109.6,131.1,254.4,False
4,4,12,sksurv GBSA,0.822,195.3,82.3,868.0,False
4,4,12,sksurv CWGB,0.748,143.0,76.9,769.6,False
4,4,12,Stacked,0.729,166.5,103.4,617.2,False
4,4,12,Simple Mean,0.785,133.3,83.6,507.1,False
4,4,12,Trimmed Mean,0.776,136.8,76.2,572.9,False
4,4,12,Median,0.766,164.0,81.5,769.6,False
4,4,12,Geometric Mean,0.785,100.2,79.9,309.2,False
4,4,12,Inv-MAE Weighted,0.794,117.1,85.5,422.2,False
4,4,12,Rank Fusion,0.776,92.7,64.5,230.0,False
4,6,12,Cox PH,0.785,205.4,56.0,897.0,False
4,6,12,Weibull AFT,0.734,213.1,76.2,897.0,False
4,6,12,XGB Cox,0.668,143.4,123.0,309.9,False
4,6,12,XGB AFT,0.57,109.4,131.2,254.6,False
4,6,12,sksurv GBSA,0.822,194.5,82.3,868.0,False
4,6,12,sksurv CWGB,0.748,142.1,76.9,769.6,False
4,6,12,Stacked,0.729,168.7,99.0,646.3,False
4,6,12,Simple Mean,0.785,133.3,80.4,508.9,False
4,6,12,Trimmed Mean,0.776,136.7,75.8,575.4,False
4,6,12,Median,0.766,163.0,76.0,769.6,False
4,6,12,Geometric Mean,0.785,99.7,74.8,310.4,False
4,6,12,Inv-MAE Weighted,0.794,117.1,80.4,423.8,False
4,6,12,Rank Fusion,0.776,91.8,64.5,230.0,False
5,1,12,Cox PH,0.807,182.1,32.5,895.0,False
5,1,12,Weibull AFT,0.778,206.6,95.4,895.0,False
5,1,12,XGB Cox,0.689,139.0,122.2,308.5,False
5,1,12,XGB AFT,0.642,116.4,129.2,253.4,False
5,1,12,sksurv GBSA,0.821,207.2,91.9,866.0,False
5,1,12,sksurv CWGB,0.783,131.9,83.9,720.1,False
5,1,12,Stacked,0.755,160.3,90.7,637.6,False
5,1,12,Simple Mean,0.811,131.8,77.9,513.6,False
5,1,12,Trimmed Mean,0.821,133.6,78.0,582.5,False
5,1,12,Median,0.788,163.7,93.2,720.1,False
5,1,12,Geometric Mean,0.811,96.0,70.8,315.6,False
5,1,12,Inv-MAE Weighted,0.821,118.4,75.5,441.2,False
5,1,12,Rank Fusion,0.802,103.8,88.6,228.0,False
5,2,12,Cox PH,0.819,124.7,42.5,799.0,False
5,2,12,Weibull AFT,0.795,198.1,95.4,871.0,False
5,2,12,XGB Cox,0.771,145.6,159.0,296.5,False
5,2,12,XGB AFT,0.657,123.2,129.3,252.9,False
5,2,12,sksurv GBSA,0.843,183.4,101.8,799.0,False
5,2,12,sksurv CWGB,0.81,144.1,89.6,653.1,False
5,2,12,Stacked,0.79,105.0,50.7,515.8,False
5,2,12,Simple Mean,0.838,109.8,87.7,443.1,False
5,2,12,Trimmed Mean,0.838,102.6,71.2,511.1,False
5,2,12,Median,0.805,109.8,48.8,653.1,False
5,2,12,Geometric Mean,0.829,79.9,54.0,245.0,False
5,2,12,Inv-MAE Weighted,0.838,101.3,74.9,415.0,False
5,2,12,Rank Fusion,0.81,100.7,106.0,208.1,False
5,3,12,Cox PH,0.788,137.6,74.5,791.0,False
5,3,12,Weibull AFT,0.741,204.9,83.7,871.0,False
5,3,12,XGB Cox,0.703,152.8,157.2,309.9,False
5,3,12,XGB AFT,0.642,117.5,127.8,261.0,False
5,3,12,sksurv GBSA,0.844,179.4,75.0,791.0,False
5,3,12,sksurv CWGB,0.764,155.7,93.9,721.9,False
5,3,12,Stacked,0.774,104.1,71.7,410.0,False
5,3,12,Simple Mean,0.792,111.2,83.2,432.5,False
5,3,12,Trimmed Mean,0.802,103.3,57.8,499.5,False
5,3,12,Median,0.802,125.1,68.8,721.9,False
5,3,12,Geometric Mean,0.783,83.5,62.0,234.4,False
5,3,12,Inv-MAE Weighted,0.802,101.0,72.7,388.4,False
5,3,12,Rank Fusion,0.783,87.3,73.8,209.1,False
5,4,12,Cox PH,0.788,137.6,74.5,791.0,False
5,4,12,Weibull AFT,0.741,204.9,83.7,871.0,False
5,4,12,XGB Cox,0.703,152.8,157.2,309.9,False
5,4,12,XGB AFT,0.642,117.5,127.8,261.0,False
5,4,12,sksurv GBSA,0.844,179.4,75.0,791.0,False
5,4,12,sksurv CWGB,0.764,155.7,93.9,721.9,False
5,4,12,Stacked,0.774,104.1,71.7,410.0,False
5,4,12,Simple Mean,0.792,111.2,83.2,432.5,False
5,4,12,Trimmed Mean,0.802,103.3,57.8,499.5,False
5,4,12,Median,0.802,125.1,68.8,721.9,False
5,4,12,Geometric Mean,0.783,83.5,62.0,234.4,False
5,4,12,Inv-MAE Weighted,0.802,101.0,72.7,388.4,False
5,4,12,Rank Fusion,0.783,87.3,73.8,209.1,False
5,6,12,Cox PH,0.792,134.1,66.5,727.0,False
5,6,12,Weibull AFT,0.759,191.1,79.2,795.6,False
5,6,12,XGB Cox,0.712,159.1,157.2,309.9,False
5,6,12,XGB AFT,0.642,123.6,126.2,326.1,False
5,6,12,sksurv GBSA,0.816,175.7,87.2,727.0,False
5,6,12,sksurv CWGB,0.774,147.8,82.6,657.4,False
5,6,12,Stacked,0.783,96.8,64.1,359.2,False
5,6,12,Simple Mean,0.802,104.0,84.6,370.2,False
5,6,12,Trimmed Mean,0.811,99.4,67.7,438.0,False
5,6,12,Median,0.783,118.9,71.6,657.4,False
5,6,12,Geometric Mean,0.792,78.6,57.2,171.1,False
5,6,12,Inv-MAE Weighted,0.802,97.2,83.0,343.4,False
5,6,12,Rank Fusion,0.792,80.3,65.8,209.5,False
